company,ticker,ipo_date,years_public,return_since_ipo,sp500_since_ipo,excess_vs_sp500,drawdown_from_ath,ath_date,momentum_1y,range_position_52w,volatility_ann,last_price_date,state,outlook,outlook_why
Alphabet,GOOGL,2004-08-19,22.1,138.78,6.165,132.614,-0.135,2026-05-13,0.392,0.67,0.315,2026-10-06,recovering — bouncing off lows,constructive,Within 15% of all-time highs — long-term uptrend intact; shallow pullbacks have been the buying pattern.
Mastercard,MA,2006-05-25,20.4,135.205,5.143,130.063,-0.055,2026-08-24,-0.015,0.74,0.225,2026-10-06,at highs but stalling,constructive,Within 15% of all-time highs — long-term uptrend intact; shallow pullbacks have been the buying pattern.
Palantir,PLTR,2020-09-30,6.0,19.218,1.325,17.893,-0.073,2025-11-03,0.07,0.85,0.584,2026-10-06,cooking — near highs and rising,constructive,Trading in the top fifth of its 52-week range with positive momentum — the trend is up until the range breaks.
Meta,META,2012-05-18,14.4,18.512,5.037,13.476,-0.061,2025-08-12,0.036,0.85,0.417,2026-10-06,cooking — near highs and rising,constructive,Trading in the top fifth of its 52-week range with positive momentum — the trend is up until the range breaks.
Spotify,SPOT,2018-04-03,8.5,2.276,1.991,0.285,-0.371,2025-06-26,-0.282,0.27,0.446,2026-10-06,"deep drawdown, still falling",deteriorating,Down 20%+ on the year — downtrend dominant; no sign of a turn until momentum stabilizes.
Wise,WISE.L,2021-07-07,5.2,-0.007,0.784,-0.791,-0.247,2025-06-05,-0.12,0.3,0.351,2026-10-05,drifting,mixed,No clean trend — chopping. Range position and news flow matter more than direction here.
Enphase Energy,ENPH,2012-03-30,14.5,3.62,4.551,-0.931,-0.899,2022-12-02,-0.087,0.17,0.795,2026-10-06,"deep drawdown, still falling",distressed,"Down more than half from highs — the market has repriced the story; needs a fundamental catalyst, not just a bounce."
Airbnb,ABNB,2020-12-10,5.8,0.108,1.132,-1.023,-0.26,2021-02-11,0.333,0.62,0.353,2026-10-06,recovering — bouncing off lows,repairing,"Strong year (+25%+) but still well off highs — recovery in progress, watch whether momentum survives the next pullback."
Dropbox,DBX,2018-03-22,8.5,0.184,2.021,-1.837,-0.197,2018-06-18,0.15,0.74,0.378,2026-10-06,drifting,mixed,No clean trend — chopping. Range position and news flow matter more than direction here.
LanzaTech,LNZA,2023-02-08,3.7,-0.994,0.899,-1.893,-0.994,2023-02-02,-0.754,0.02,1.448,2026-10-06,"deep drawdown, still falling",distressed,"Down more than half from highs — the market has repriced the story; needs a fundamental catalyst, not just a bounce."
Tobii AB,TOBII.ST,2015-04-24,11.4,-0.934,2.671,-3.605,-0.984,2021-12-06,-0.693,0.03,1.052,2026-10-05,"deep drawdown, still falling",distressed,"Down more than half from highs — the market has repriced the story; needs a fundamental catalyst, not just a bounce."
